Name,Date-Time,Status
Unknown,2025-06-01 09:55:36,Access Denied
Unknown,2025-06-01 09:55:38,Access Denied
Unknown,2025-06-01 09:55:39,Access Denied
Unknown,2025-06-01 09:55:40,Access Denied
Unknown,2025-06-01 09:55:41,Access Denied
Unknown,2025-06-01 09:55:42,Access Denied
Unknown,2025-06-01 09:55:44,Access Denied
Unknown,2025-06-01 09:55:44,Access Denied
Unknown,2025-06-01 09:55:45,Access Denied
Unknown,2025-06-01 09:55:46,Access Denied
Unknown,2025-06-01 09:55:48,Access Denied
Unknown,2025-06-01 09:55:49,Access Denied
Unknown,2025-06-01 09:55:50,Access Denied
Unknown,2025-06-01 09:55:51,Access Denied
Unknown,2025-06-01 09:55:52,Access Denied
Unknown,2025-06-01 09:55:53,Access Denied
Unknown,2025-06-01 09:55:54,Access Denied
Unknown,2025-06-01 09:55:55,Access Denied
Unknown,2025-06-01 09:55:57,Access Denied
Unknown,2025-06-01 09:55:58,Access Denied
Unknown,2025-06-01 09:55:59,Access Denied
Unknown,2025-06-01 09:56:01,Access Denied
Unknown,2025-06-01 09:56:02,Access Denied
Unknown,2025-06-01 09:56:03,Access Denied
Unknown,2025-06-01 09:56:05,Access Denied
Unknown,2025-06-01 09:56:06,Access Denied
Unknown,2025-06-01 09:56:07,Access Denied
Unknown,2025-06-01 09:56:08,Access Denied
Unknown,2025-06-01 09:56:09,Access Denied
Unknown,2025-06-01 09:56:11,Access Denied
Unknown,2025-06-01 09:56:12,Access Denied
Unknown,2025-06-01 09:56:13,Access Denied
Unknown,2025-06-01 09:56:15,Access Denied
Unknown,2025-06-01 09:56:16,Access Denied
Unknown,2025-06-01 09:56:17,Access Denied
Unknown,2025-06-01 09:56:19,Access Denied
Unknown,2025-06-01 09:56:20,Access Denied
Unknown,2025-06-01 09:56:21,Access Denied
Unknown,2025-06-01 09:56:23,Access Denied
Unknown,2025-06-01 09:56:24,Access Denied
Unknown,2025-06-01 09:56:25,Access Denied
Unknown,2025-06-01 09:56:26,Access Denied
Unknown,2025-06-01 09:56:27,Access Denied
Unknown,2025-06-01 09:56:29,Access Denied
Unknown,2025-06-01 09:56:30,Access Denied
Unknown,2025-06-01 09:56:31,Access Denied
Unknown,2025-06-01 09:56:32,Access Denied
Unknown,2025-06-01 09:56:33,Access Denied
Unknown,2025-06-01 09:56:34,Access Denied
Unknown,2025-06-01 09:56:35,Access Denied
Unknown,2025-06-01 09:56:37,Access Denied
Unknown,2025-06-01 09:56:38,Access Denied
Unknown,2025-06-01 09:56:39,Access Denied
Unknown,2025-06-01 10:06:13,Access Denied
Unknown,2025-06-01 10:06:14,Access Denied
Unknown,2025-06-01 10:06:16,Access Denied
Unknown,2025-06-01 10:06:18,Access Denied
Harry potter,2025-06-01 10:06:19,Access Granted
Unknown,2025-06-01 10:06:20,Access Denied
Harry potter,2025-06-01 10:06:21,Access Granted
Harry potter,2025-06-01 10:06:22,Access Granted
Unknown,2025-06-01 10:06:23,Access Denied
Unknown,2025-06-01 10:06:25,Access Denied
Unknown,2025-06-01 10:06:26,Access Denied
Unknown,2025-06-01 10:06:28,Access Denied
Harry potter,2025-06-01 10:06:29,Access Granted
Harry potter,2025-06-01 10:06:30,Access Granted
Harry potter,2025-06-01 10:06:32,Access Granted
Unknown,2025-06-01 10:06:33,Access Denied
Unknown,2025-06-01 10:06:35,Access Denied
Unknown,2025-06-01 10:06:36,Access Denied
Unknown,2025-06-01 10:06:37,Access Denied
Unknown,2025-06-01 10:06:39,Access Denied
Unknown,2025-06-01 10:06:40,Access Denied
Unknown,2025-06-01 10:06:42,Access Denied
Unknown,2025-06-01 10:06:43,Access Denied
Unknown,2025-06-01 10:06:44,Access Denied
Harry potter,2025-06-01 10:06:46,Access Granted
Harry potter,2025-06-01 10:06:47,Access Granted
Harry potter,2025-06-01 10:06:49,Access Granted
Harry potter,2025-06-01 10:06:50,Access Granted
Harry potter,2025-06-01 10:06:51,Access Granted
Harry potter,2025-06-01 10:06:52,Access Granted
Harry potter,2025-06-01 10:06:54,Access Granted
Harry potter,2025-06-01 10:06:55,Access Granted
Harry potter,2025-06-01 10:06:56,Access Granted
Harry potter,2025-06-01 10:06:57,Access Granted
Harry potter,2025-06-01 10:06:58,Access Granted
Harry potter,2025-06-01 10:07:00,Access Granted
Harry potter,2025-06-01 10:07:01,Access Granted
Harry potter,2025-06-01 10:07:02,Access Granted
Harry potter,2025-06-01 10:07:03,Access Granted
Harry potter,2025-06-01 10:07:05,Access Granted
Harry potter,2025-06-01 10:07:07,Access Granted
Unknown,2025-06-01 10:07:07,Access Denied
Harry potter,2025-06-01 10:07:08,Access Granted
Harry potter,2025-06-01 10:07:09,Access Granted
Harry potter,2025-06-01 10:07:10,Access Granted
Harry potter,2025-06-01 10:07:12,Access Granted
Harry potter,2025-06-01 10:07:13,Access Granted
Harry potter,2025-06-01 10:07:14,Access Granted
Harry potter,2025-06-01 10:07:16,Access Granted
Harry potter,2025-06-01 10:07:17,Access Granted
Unknown,2025-06-01 10:07:18,Access Denied
Unknown,2025-06-01 10:07:19,Access Denied
Unknown,2025-06-01 10:07:20,Access Denied
Bhuvana,2025-06-01 11:35:29,Access Granted
bhuvana,2025-06-01 11:35:30,Access Granted
bhuvana,2025-06-01 11:35:31,Access Granted
bhuvana,2025-06-01 11:35:33,Access Granted
Harry potter,2025-06-01 11:35:33,Access Granted
Harry potter,2025-06-01 11:35:35,Access Granted
bhuvana,2025-06-01 11:35:35,Access Granted
Harry potter,2025-06-01 11:35:36,Access Granted
Harry potter,2025-06-01 11:35:37,Access Granted
Harry potter,2025-06-01 11:35:38,Access Granted
Harry potter,2025-06-01 11:35:40,Access Granted
bhuvana,2025-06-01 11:35:40,Access Granted
Unknown,2025-06-01 11:35:41,Access Denied
Bhuvana,2025-06-01 11:35:41,Access Granted
Harry potter,2025-06-01 11:35:43,Access Granted
Harry potter,2025-06-01 11:35:44,Access Granted
Harry potter,2025-06-01 11:35:45,Access Granted
Harry potter,2025-06-01 11:35:46,Access Granted
bhuvana,2025-06-01 11:35:47,Access Granted
bhuvana,2025-06-01 11:35:49,Access Granted
bhuvana,2025-06-01 11:35:50,Access Granted
bhuvana,2025-06-01 11:35:51,Access Granted
Bhuvana,2025-06-01 11:35:53,Access Granted
bhuvana,2025-06-01 11:35:54,Access Granted
bhuvana,2025-06-01 11:35:55,Access Granted
bhuvana,2025-06-01 11:35:56,Access Granted
bhuvana,2025-06-01 11:35:58,Access Granted
bhuvana,2025-06-01 11:35:59,Access Granted
bhuvana,2025-06-01 11:36:00,Access Granted
bhuvana,2025-06-01 11:36:02,Access Granted
Unknown,2025-06-01 11:36:03,Access Denied
Unknown,2025-06-01 11:36:05,Access Denied
Unknown,2025-06-01 11:36:06,Access Denied
Unknown,2025-06-01 11:36:07,Access Denied
Unknown,2025-06-01 11:36:08,Access Denied
Unknown,2025-06-01 11:36:09,Access Denied
Unknown,2025-06-01 11:36:11,Access Denied
Unknown,2025-06-01 11:36:12,Access Denied
Unknown,2025-06-01 11:36:13,Access Denied
Unknown,2025-06-01 11:36:14,Access Denied
bhuvana,2025-06-01 11:36:15,Access Granted
bhuvana,2025-06-01 11:36:16,Access Granted
bhuvana,2025-06-01 11:36:17,Access Granted
bhuvana,2025-06-01 11:36:19,Access Granted
bhuvana,2025-06-01 11:36:20,Access Granted
bhuvana,2025-06-01 11:36:21,Access Granted
bhuvana,2025-06-01 11:36:22,Access Granted
bhuvana,2025-06-01 11:36:23,Access Granted
bhuvana,2025-06-01 11:36:24,Access Granted
Harry potter,2025-06-01 11:36:26,Access Granted
Harry potter,2025-06-01 11:36:27,Access Granted
Harry potter,2025-06-01 11:36:28,Access Granted
Harry potter,2025-06-01 11:36:29,Access Granted
Harry potter,2025-06-01 11:36:30,Access Granted
Harry potter,2025-06-01 11:36:32,Access Granted
Unknown,2025-06-01 11:36:33,Access Denied
Harry potter,2025-06-01 11:36:34,Access Granted
Harry potter,2025-06-01 11:36:35,Access Granted
Harry potter,2025-06-01 11:36:36,Access Granted
Harry potter,2025-06-01 11:36:37,Access Granted
Harry potter,2025-06-01 11:36:38,Access Granted
Harry potter,2025-06-01 11:36:39,Access Granted
Harry potter,2025-06-01 11:36:40,Access Granted
bhuvana,2025-06-01 11:36:41,Access Granted
bhuvana,2025-06-01 11:36:42,Access Granted
bhuvana,2025-06-01 11:36:43,Access Granted
bhuvana,2025-06-01 11:38:29,Access Granted
bhuvana,2025-06-01 11:38:31,Access Granted
bhuvana,2025-06-01 11:38:39,Access Granted
bhuvana,2025-06-01 11:38:43,Access Granted
bhuvana,2025-06-01 11:38:44,Access Granted
bhuvana,2025-06-01 11:38:45,Access Granted
bhuvana,2025-06-01 11:38:46,Access Granted
bhuvana,2025-06-01 11:38:47,Access Granted
bhuvana,2025-06-01 11:38:49,Access Granted
bhuvana,2025-06-01 11:38:50,Access Granted
bhuvana,2025-06-01 11:38:51,Access Granted
bhuvana,2025-06-01 11:38:52,Access Granted
bhuvana,2025-06-01 11:38:54,Access Granted
bhuvana,2025-06-01 11:38:55,Access Granted
Unknown,2025-06-01 11:38:57,Access Denied
Bhuvana,2025-06-01 11:38:58,Access Granted
Bhuvana,2025-06-01 11:39:00,Access Granted
Unknown,2025-06-01 11:39:01,Access Denied
Unknown,2025-06-01 11:39:01,Access Denied
bhuvana,2025-06-01 11:39:03,Access Granted
Unknown,2025-06-01 11:39:03,Access Denied
Unknown,2025-06-01 11:39:06,Access Denied
Unknown,2025-06-01 11:39:08,Access Denied
Unknown,2025-06-01 11:39:09,Access Denied
Unknown,2025-06-01 11:39:13,Access Denied
Unknown,2025-06-01 11:39:14,Access Denied
Unknown,2025-06-01 11:39:16,Access Denied
Unknown,2025-06-01 11:39:17,Access Denied
Unknown,2025-06-01 11:39:21,Access Denied
Unknown,2025-06-01 11:39:22,Access Denied
Unknown,2025-06-01 11:39:24,Access Denied
Unknown,2025-06-01 11:39:26,Access Denied
Unknown,2025-06-01 11:39:28,Access Denied
Unknown,2025-06-01 11:39:30,Access Denied
Unknown,2025-06-01 11:39:31,Access Denied
Unknown,2025-06-01 11:39:32,Access Denied
Unknown,2025-06-01 11:39:34,Access Denied
Unknown,2025-06-01 11:39:35,Access Denied
Unknown,2025-06-01 11:39:37,Access Denied
Unknown,2025-06-01 11:39:38,Access Denied
Unknown,2025-06-01 11:39:39,Access Denied
bhuvana,2025-06-01 11:39:40,Access Granted
bhuvana,2025-06-01 11:39:41,Access Granted
bhuvana,2025-06-01 11:39:43,Access Granted
